Kingdom	Phylum	Class	Order	Family	Genus	Species
04c8be5a3a6ba2d70446812e99318905	Bacteria	Bacteroidetes	Bacteroidia	Bacteroidales	Bacteroidaceae	Bacteroides	NA
ea2b0e4a93c24c6c3661cbe347f93b74	Bacteria	Bacteroidetes	Bacteroidia	Bacteroidales	Bacteroidaceae	Bacteroides	uniformis
1ad289cd8f44e109fd95de0382c5b252	Bacteria	Firmicutes	Clostridia	Clostridiales	Lachnospiraceae	Clostridium	hathewayi
3d9838f12f6ff5591dbadeb427a855f1	Bacteria	Bacteroidetes	Bacteroidia	Bacteroidales	Bacteroidaceae	Bacteroides	NA
ac5402de1ddf427ab8d2b0a8a0a44f19	Bacteria	Bacteroidetes	Bacteroidia	Bacteroidales	Bacteroidaceae	Bacteroides	NA
e5a43b018c81cedd19e9a5354d32d469	Bacteria	Bacteroidetes	Bacteroidia	Bacteroidales	Bacteroidaceae	Bacteroides	NA
c4f9ef34bd2919511069f409c25de6f1	Bacteria	Bacteroidetes	Bacteroidia	Bacteroidales	Bacteroidaceae	Bacteroides	NA
74ec9fe6ffab4ecff6d5def74298a825	Bacteria	Firmicutes	Clostridia	Clostridiales	Lachnospiraceae	Clostridium	NA
0f4cadbeaa245b98e599c6d662ae9c19	Bacteria	Bacteroidetes	Bacteroidia	Bacteroidales	Bacteroidaceae	Bacteroides	uniformis
b47e999a38113e0e4e2b139e8b861fdd	Bacteria	Bacteroidetes	Bacteroidia	Bacteroidales	[Paraprevotellaceae]	Paraprevotella	NA
a66dd8d31584930c2b0f811f572dddcf	Bacteria	Bacteroidetes	Bacteroidia	Bacteroidales	Porphyromonadaceae	Parabacteroides	distasonis
3d766867c97f511431bf97e059d6498f	Bacteria	Bacteroidetes	Bacteroidia	Bacteroidales	Porphyromonadaceae	Parabacteroides	NA
04195686f2b70585790ec75320de0d6f	Bacteria	Proteobacteria	Gammaproteobacteria	Enterobacteriales	Enterobacteriaceae	NA	NA
c5b4c6b372dbc13b6a7f2d466fc7335f	Bacteria	Firmicutes	Clostridia	Clostridiales	Lachnospiraceae	NA	NA
d39f37b814ebd81091a949f8bd9d1710	Bacteria	Bacteroidetes	Bacteroidia	Bacteroidales	Bacteroidaceae	Bacteroides	caccae
25def15fb42bed6855ede4893d27a21d	Bacteria	Verrucomicrobia	Verrucomicrobiae	Verrucomicrobiales	Verrucomicrobiaceae	Akkermansia	muciniphila
d5c52d867f4b3d86735eb8d8b3ff85f9	Bacteria	Bacteroidetes	Bacteroidia	Bacteroidales	Bacteroidaceae	Bacteroides	NA
599ba6458e91e2527f358f547ea39261	Bacteria	Firmicutes	Clostridia	Clostridiales	Lachnospiraceae	Blautia	NA
c162a4f3943238810eba8a25f0563cca	Bacteria	Bacteroidetes	Bacteroidia	Bacteroidales	Bacteroidaceae	Bacteroides	ovatus
e6a34eb113dba66df0b8bbec907a8f5d	Bacteria	Bacteroidetes	Bacteroidia	Bacteroidales	Rikenellaceae	Alistipes	putredinis
ad689a29574a09c604cd36cf41732e13	Bacteria	Firmicutes	Clostridia	Clostridiales	Lachnospiraceae	NA	NA
3128e057b1d4f320961e4da677724613	Bacteria	Firmicutes	Clostridia	Clostridiales	Lachnospiraceae	Clostridium	symbiosum
993ea35e8ad7ff6894e32247dc507e9b	Bacteria	Firmicutes	Clostridia	Clostridiales	Lachnospiraceae	Blautia	producta
a167e4d4418792dcaba877443ed0e66d	Bacteria	Bacteroidetes	Bacteroidia	Bacteroidales	[Odoribacteraceae]	Butyricimonas	NA
cae14798faeabb8e1b8840e712839921	Bacteria	Bacteroidetes	Bacteroidia	Bacteroidales	Rikenellaceae	Alistipes	finegoldii
0189d0173c07f11e7586ff20eb33f5ba	Bacteria	Firmicutes	Erysipelotrichi	Erysipelotrichales	Erysipelotrichaceae	NA	NA
ff88a3ff3ed651f80384b3440acb21d5	Bacteria	Actinobacteria	Coriobacteriia	Coriobacteriales	Coriobacteriaceae	NA	NA
71eefb0527438cc9f3a3e91dccd3caa8	Bacteria	Bacteroidetes	Bacteroidia	Bacteroidales	Porphyromonadaceae	Parabacteroides	NA
54f7ee881a58ad84fe3f81d76968b072	Bacteria	Bacteroidetes	Bacteroidia	Bacteroidales	Rikenellaceae	Alistipes	massiliensis
ed5952d1e022067b212146b9b3bc6812	Bacteria	Firmicutes	Clostridia	Clostridiales	Lachnospiraceae	Coprococcus	eutactus
370829fece3190f1a8efccf50b7d0921	Bacteria	Firmicutes	Clostridia	Clostridiales	Ruminococcaceae	Oscillospira	NA
f8f3e605678a490b72cab74f3fc2c52b	Bacteria	Bacteroidetes	Bacteroidia	Bacteroidales	[Barnesiellaceae]	NA	NA
48d9883fd871b82d9bbc89cb0447be8c	Bacteria	Firmicutes	Clostridia	Clostridiales	Lachnospiraceae	Clostridium	aldenense
ad52a0f6646c574417ce0b13b84acfa9	Bacteria	Firmicutes	Clostridia	Clostridiales	Ruminococcaceae	Ruminococcus	bromii
dafe809740d0545dc25c6939a84a1820	Bacteria	Firmicutes	Erysipelotrichi	Erysipelotrichales	Erysipelotrichaceae	Coprobacillus	cateniformis
eea6b86c0c75e740670ccc50613b1b23	Bacteria	Firmicutes	Clostridia	Clostridiales	Lachnospiraceae	Blautia	NA
59196a586276f0be745d0e334fc071c6	Bacteria	Firmicutes	Clostridia	Clostridiales	Lachnospiraceae	Blautia	NA
ad7bc2bb6e1ec90a9bc3c8949bce80d6	Bacteria	Firmicutes	Clostridia	Clostridiales	Lachnospiraceae	[Ruminococcus]	gnavus
4311a44a7d56ce4086afad3e75bedd6e	Bacteria	Firmicutes	Clostridia	Clostridiales	Ruminococcaceae	NA	NA
cc968157f7691aab95df444e8cd103e2	Bacteria	Firmicutes	Clostridia	Clostridiales	Clostridiaceae	Clostridium	NA
3f55a8ca784ae7190790023a30cd859c	Bacteria	Bacteroidetes	Bacteroidia	Bacteroidales	Porphyromonadaceae	Parabacteroides	gordonii
fd1f139259c53276619476db0cc81913	Bacteria	Firmicutes	Clostridia	Clostridiales	Lachnospiraceae	Blautia	NA
79280cea51a6fe8a3432b2f266dd34db	Bacteria	Firmicutes	Clostridia	Clostridiales	Ruminococcaceae	Faecalibacterium	prausnitzii
0c70bdd5631104dd3d818561c9166f6c	Bacteria	Firmicutes	Clostridia	Clostridiales	Lachnospiraceae	Clostridium	lavalense
efc53dead4f6aa3c5c7b6bc3ebd55544	Bacteria	Firmicutes	Erysipelotrichi	Erysipelotrichales	Erysipelotrichaceae	Holdemania	NA
ed359a2407b2ca10646f03d8714727b8	Bacteria	Firmicutes	Clostridia	Clostridiales	Ruminococcaceae	NA	NA
4c2189b6b5ced3cb80093414e9449de9	Bacteria	Firmicutes	Clostridia	Clostridiales	Ruminococcaceae	Butyricicoccus	pullicaecorum
60c57911662a9159dfdd0fc05d975a55	Bacteria	Firmicutes	Clostridia	Clostridiales	Ruminococcaceae	Gemmiger	formicilis
8a83cfd5eb074b5dbc6118eb03ef915e	Bacteria	Bacteroidetes	Bacteroidia	Bacteroidales	[Odoribacteraceae]	Butyricimonas	NA
1276e75750b8088464a4275ad0c81579	Bacteria	Firmicutes	Clostridia	Clostridiales	Lachnospiraceae	Blautia	NA
6a17479edbe461431433bddb084f731e	Bacteria	Proteobacteria	Betaproteobacteria	Burkholderiales	Alcaligenaceae	Sutterella	NA
56c3d1a8e4dc5c2aa7afbc1563559448	Bacteria	Bacteroidetes	Bacteroidia	Bacteroidales	Bacteroidaceae	Bacteroides	NA
f609a7a60f9d78d21f9d3344dd463ebd	Bacteria	Firmicutes	Clostridia	Clostridiales	Lachnospiraceae	NA	NA
e644522cf6d7222c9da7f9ecf614cd89	Bacteria	Bacteroidetes	Bacteroidia	Bacteroidales	[Odoribacteraceae]	Butyricimonas	NA
597966c93921ecc2907ad15121cbcd2c	Bacteria	Firmicutes	Clostridia	Clostridiales	Ruminococcaceae	Ruminococcus	NA
d2d1d9d57e61a764383ea2c84cef04c5	Bacteria	Firmicutes	Clostridia	Clostridiales	Ruminococcaceae	NA	NA
f383301e7fc9100853de9ac3bc236047	Bacteria	Firmicutes	Clostridia	Clostridiales	Peptostreptococcaceae	NA	NA
2f3b51e3f7acc3c9f66f1552b67a0209	Bacteria	Firmicutes	Clostridia	Clostridiales	Lachnospiraceae	Clostridium	NA
3e93fd55a231bb99b67a666bad8446a8	Bacteria	Firmicutes	Clostridia	Clostridiales	Ruminococcaceae	Ruminococcus	NA
a7afea19e18742d1f98968e526a4d848	Bacteria	Firmicutes	Clostridia	Clostridiales	Ruminococcaceae	NA	NA
fea3411c847e6627afb5e78b88e2e9af	Bacteria	Firmicutes	Clostridia	Clostridiales	Lachnospiraceae	[Ruminococcus]	torques
539c656b9710b0099a96a678b3023299	Bacteria	Firmicutes	Bacilli	Lactobacillales	Enterococcaceae	Enterococcus	NA
a75b0438ad19fb4e31f4d58c2d49ea02	Bacteria	Firmicutes	Clostridia	Clostridiales	Lachnospiraceae	Coprococcus	NA
c942f59feffce9c3ab527135de234101	Bacteria	Firmicutes	Clostridia	Clostridiales	Lachnospiraceae	Roseburia	inulinivorans
39bb3fb5b2257fd2eacca408dc42c5d1	Bacteria	Firmicutes	Clostridia	Clostridiales	Lachnospiraceae	NA	NA
99dda7b5337bc09a69e9e27bab56fd79	Bacteria	Firmicutes	Clostridia	Clostridiales	Lachnospiraceae	Coprococcus	NA
c82032c40c98975f71892e4be561c87a	Bacteria	Firmicutes	Clostridia	Clostridiales	Ruminococcaceae	Oscillospira	NA
867ef55516e42915f9969f14b3640967	Bacteria	Firmicutes	Clostridia	Clostridiales	Lachnospiraceae	Dorea	NA
f12011ad5219b22b6ca790103333a755	Bacteria	Firmicutes	Clostridia	Clostridiales	Ruminococcaceae	Oscillospira	NA
61795ee8e60f4a0f66080ab812573fb8	Bacteria	Firmicutes	Clostridia	Clostridiales	Lachnospiraceae	NA	NA
436497b0e3edb384200f5b9b82883182	Bacteria	Firmicutes	Clostridia	Clostridiales	Ruminococcaceae	NA	NA
98f949633286bc12c8a26a7ee2de2a55	Bacteria	Bacteroidetes	Bacteroidia	Bacteroidales	Bacteroidaceae	Bacteroides	ovatus
7236beef2afd3daa8faca0b3865918a7	Bacteria	Firmicutes	Clostridia	Clostridiales	Ruminococcaceae	Faecalibacterium	prausnitzii
64d0a182b41ddc2ed31ebfc1dd2dab3b	Bacteria	Firmicutes	Clostridia	Clostridiales	Lachnospiraceae	Blautia	NA
42019875482bfb1e4ef010ce0cc617b8	Bacteria	Firmicutes	Erysipelotrichi	Erysipelotrichales	Erysipelotrichaceae	[Eubacterium]	NA
4d9e31dc68d6d5c708f70143f73f54b7	Bacteria	Firmicutes	Clostridia	Clostridiales	Lachnospiraceae	Clostridium	colinum
fcc915000295812eecfa7245a74346e9	Bacteria	Bacteroidetes	Bacteroidia	Bacteroidales	Bacteroidaceae	Bacteroides	ovatus
0d357d84911ef4a089c6ae3c6deb39b9	Bacteria	Firmicutes	Clostridia	Clostridiales	Lachnospiraceae	[Ruminococcus]	NA
7ce470a3f833253f6d667fa6830abe07	Bacteria	Firmicutes	Clostridia	Clostridiales	Lachnospiraceae	[Ruminococcus]	NA
b153e0852342c0738da791930625716f	Bacteria	Firmicutes	Erysipelotrichi	Erysipelotrichales	Erysipelotrichaceae	[Eubacterium]	biforme
4acc36d268585bc3834e627756313b21	Bacteria	Proteobacteria	Betaproteobacteria	Burkholderiales	Alcaligenaceae	Sutterella	NA
113ce005a880987438bdbe19ee22add8	Bacteria	Firmicutes	Bacilli	Turicibacterales	Turicibacteraceae	Turicibacter	NA
a544abd909afc727c4418e4e19eed417	Bacteria	Firmicutes	Clostridia	Clostridiales	Eubacteriaceae	Pseudoramibacter_Eubacterium	NA
589c1370b3324a2d6cff6d1ff85341d1	Bacteria	Bacteroidetes	Bacteroidia	Bacteroidales	[Barnesiellaceae]	NA	NA
72d6ddeb60679dd2e2844fe039e1a760	Bacteria	Proteobacteria	Deltaproteobacteria	Desulfovibrionales	Desulfovibrionaceae	NA	NA
9f48f7b79ed6f3dcde8b25e0cf244d5d	Bacteria	Firmicutes	Clostridia	Clostridiales	Ruminococcaceae	Ruminococcus	NA
74923f4bbde849e27fc4eda25d757e2a	Bacteria	Firmicutes	Erysipelotrichi	Erysipelotrichales	Erysipelotrichaceae	[Eubacterium]	dolichum
58df89090206b56c52bfffa4b97f4d5d	Bacteria	Firmicutes	Erysipelotrichi	Erysipelotrichales	Erysipelotrichaceae	[Eubacterium]	dolichum
36247932c78308738fce8e71bb563ca0	Bacteria	Firmicutes	Clostridia	Clostridiales	Ruminococcaceae	NA	NA
3017f87a3b0f5200ed54eca17eef3cbb	Bacteria	Firmicutes	Clostridia	Clostridiales	[Mogibacteriaceae]	NA	NA
4be97abf1ab678a8322783fab899c3a4	Bacteria	Firmicutes	Clostridia	Clostridiales	Ruminococcaceae	Anaerofilum	NA
59597cd430deea6d8e0908dcd6db7e50	Bacteria	Proteobacteria	Betaproteobacteria	Burkholderiales	Alcaligenaceae	Sutterella	NA
e2c3ff4f647112723741aa72087f1bfa	Bacteria	Actinobacteria	Actinobacteria	Bifidobacteriales	Bifidobacteriaceae	Bifidobacterium	adolescentis
588a23811b3e98af68f4f0fb24a0daa8	Bacteria	Firmicutes	Clostridia	Clostridiales	Lachnospiraceae	Coprococcus	NA
1ef782a559e3e0a4ab42516e0a2c828f	Bacteria	Firmicutes	Clostridia	Clostridiales	Lachnospiraceae	NA	NA
5d141d74c8bd046171ec64835c4864b2	Bacteria	Firmicutes	Clostridia	Clostridiales	NA	NA	NA
3ca07c7b48bf227fc120979a40a65ecb	Bacteria	Bacteroidetes	Bacteroidia	Bacteroidales	[Paraprevotellaceae]	Paraprevotella	NA
b45c9784d674879d68d54362419a1d70	Bacteria	Firmicutes	Clostridia	Clostridiales	Lachnospiraceae	Dorea	NA
c4b28302dba020a58dbae9c4db392f01	Bacteria	Firmicutes	Clostridia	Clostridiales	Ruminococcaceae	Ruminococcus	flavefaciens
9a75764782a384ce3b83e019c8b2dd94	Bacteria	Firmicutes	Clostridia	Clostridiales	Lachnospiraceae	Dorea	NA
adab39c80998d5e7787770c5e2d7e66f	Bacteria	Firmicutes	Clostridia	Clostridiales	Lachnospiraceae	Lactonifactor	longoviformis
c083b87947dd3fe37a289d8500532172	Bacteria	NA	NA	NA	NA	NA	NA
34cddd9fe152c24d78924ef25927d67c	Bacteria	Firmicutes	Clostridia	Clostridiales	Lachnospiraceae	Clostridium	hathewayi
a4a7fc8070f004bdedee4d9833412f63	Bacteria	Firmicutes	Clostridia	Clostridiales	Ruminococcaceae	Oscillospira	NA
4b548f1f6fc22f32237396b7d4ffee6e	Bacteria	Firmicutes	Clostridia	Clostridiales	Ruminococcaceae	Oscillospira	NA
cea0486054293b47714d155ca349b763	Bacteria	Firmicutes	Clostridia	Clostridiales	Ruminococcaceae	Ruminococcus	NA
ff9c38c8e5450a3347e39a6c1539fcdb	Bacteria	Firmicutes	Erysipelotrichi	Erysipelotrichales	Erysipelotrichaceae	Bulleidia	p-1630-c5
ca0fb2462b67d4296fdb8de1372d9165	Bacteria	Firmicutes	Clostridia	Clostridiales	Ruminococcaceae	NA	NA
30207d209491dfb7de83344e77fd6fbd	Bacteria	Firmicutes	Clostridia	Clostridiales	NA	NA	NA
7e17a5137fd9dab8c02617a186088c4d	Bacteria	Firmicutes	Clostridia	Clostridiales	Ruminococcaceae	NA	NA
c1c1c7a5ca13ddaffccff1f5c2b5ece8	Bacteria	Firmicutes	Clostridia	Clostridiales	Lachnospiraceae	NA	NA
94cbe1a4c874ed06029d9ff25043401a	Bacteria	Firmicutes	Clostridia	Clostridiales	Peptococcaceae	rc4-4	NA
a8aa97d298d1f664e210db65c1e7a5a4	Bacteria	Firmicutes	Clostridia	Clostridiales	Lachnospiraceae	NA	NA
919db619ad90cc6b09b31c83d5719da9	Bacteria	Firmicutes	Clostridia	Clostridiales	Ruminococcaceae	Oscillospira	NA
3098ee4e595175076514b00a8a20c291	Bacteria	Proteobacteria	Deltaproteobacteria	Desulfovibrionales	Desulfovibrionaceae	NA	NA
51ec82b74708e9246ec88a798ba7c636	Bacteria	Firmicutes	Clostridia	Clostridiales	Ruminococcaceae	Ruminococcus	NA
32c4498732e02af61d331441ceabc5f5	Bacteria	Firmicutes	Clostridia	Clostridiales	Ruminococcaceae	Ruminococcus	NA
8706a529ca2ed4681dcd29d33f1cda70	Bacteria	Bacteroidetes	Bacteroidia	Bacteroidales	S24-7	NA	NA
23f9483ab286a395e9c207ad5a0beb74	Bacteria	Verrucomicrobia	Verrucomicrobiae	Verrucomicrobiales	Verrucomicrobiaceae	Akkermansia	muciniphila
b31ddda36b7c06e9c19f4f377daf2559	Bacteria	Proteobacteria	Alphaproteobacteria	Rhizobiales	Bartonellaceae	NA	NA
525d64ff8a5140d13235ed64009a3494	Bacteria	Firmicutes	Clostridia	Clostridiales	Lachnospiraceae	Anaerostipes	NA
0f6200a5b77099113b52eea9a8645181	Bacteria	Firmicutes	Erysipelotrichi	Erysipelotrichales	Erysipelotrichaceae	[Eubacterium]	biforme
ed7a767b5c636310d62d120f2add8934	Bacteria	Bacteroidetes	Bacteroidia	Bacteroidales	S24-7	NA	NA
ec1f3622e09fe4a3ec69f3d78da6010b	Bacteria	Proteobacteria	Betaproteobacteria	Rhodocyclales	Rhodocyclaceae	NA	NA
559f44be0d455c0ae85c00edeb22c555	Bacteria	Firmicutes	Clostridia	Clostridiales	Ruminococcaceae	NA	NA
9acc238746a1f2aa7745a0b5720c4eac	Bacteria	Proteobacteria	Gammaproteobacteria	Pseudomonadales	Moraxellaceae	Acinetobacter	guillouiae
c8fce068920feb387167d44c01689295	Bacteria	Firmicutes	Clostridia	Clostridiales	Ruminococcaceae	Butyricicoccus	pullicaecorum
90c2b51afe404951ec89bd52c7ae1f58	Bacteria	Firmicutes	Clostridia	Clostridiales	Lachnospiraceae	Dorea	NA
bad4f7c5ada34a1f813946abcfe5c556	Bacteria	Firmicutes	Clostridia	Clostridiales	NA	NA	NA
c18afe570abfe82d2f746ecc6e291bab	Bacteria	Proteobacteria	Gammaproteobacteria	Enterobacteriales	Enterobacteriaceae	NA	NA
51625f89e7332f46ab0641e10cede6ea	Bacteria	Firmicutes	Clostridia	Clostridiales	Lachnospiraceae	NA	NA
d3f86c6a6fd03654e0848a1fb1ad1385	Bacteria	Firmicutes	Clostridia	Clostridiales	Lachnospiraceae	Lachnospira	NA
8720f9ecd2331ce68e2896df1bf2d977	Bacteria	Actinobacteria	Coriobacteriia	Coriobacteriales	Coriobacteriaceae	Collinsella	aerofaciens
6e8986f8088b452f964e7968bb8bca87	Bacteria	Proteobacteria	Gammaproteobacteria	Pseudomonadales	Moraxellaceae	Acinetobacter	NA
b8cc2b91c302958f608387a258b3cf7a	Bacteria	Firmicutes	Clostridia	Clostridiales	NA	NA	NA
32d9ab84e859d48f487b790c58e98234	Bacteria	Firmicutes	Clostridia	Clostridiales	Christensenellaceae	Christensenella	NA
1c94105978b1aa2095e3c0096774f240	Bacteria	Actinobacteria	Coriobacteriia	Coriobacteriales	Coriobacteriaceae	NA	NA
8e8437cafec48fdafc43204cb2d3a7bf	Bacteria	Bacteroidetes	Bacteroidia	Bacteroidales	S24-7	NA	NA
5ca5ea401c8d3569e69626d2f81d5578	Bacteria	Firmicutes	Clostridia	Clostridiales	Ruminococcaceae	NA	NA
86deb5cf8d6f29d383136e0d09863b69	Bacteria	Firmicutes	Erysipelotrichi	Erysipelotrichales	Erysipelotrichaceae	Holdemania	NA
7cccd12de71224a390b03ec6e0fe94c2	Bacteria	Tenericutes	Mollicutes	Entomoplasmatales	NA	NA	NA
54f25a2b09b2c1a1517c8b5472eca178	Bacteria	Bacteroidetes	Flavobacteriia	Flavobacteriales	[Weeksellaceae]	Cloacibacterium	NA
340a5698fe78713b785c3bcce89df73b	Bacteria	Bacteroidetes	Bacteroidia	Bacteroidales	Rikenellaceae	NA	NA
2c1dcc76478dfbb19fa59690738202c6	Bacteria	Firmicutes	Clostridia	Clostridiales	Lachnospiraceae	[Ruminococcus]	gnavus
8951cc9103140b71bd50c0932e096502	Bacteria	Proteobacteria	Betaproteobacteria	Burkholderiales	Comamonadaceae	Acidovorax	NA
8ce931b0c99ad5ed648c25483c1ca492	Bacteria	Firmicutes	Erysipelotrichi	Erysipelotrichales	Erysipelotrichaceae	Clostridium	ramosum
8d181137c9febeb212a7e98974633215	Bacteria	Firmicutes	Clostridia	Clostridiales	Lachnospiraceae	Blautia	NA
9ad89cc951aa3031c19c59c95e401614	Bacteria	Firmicutes	Clostridia	Clostridiales	Ruminococcaceae	Oscillospira	NA
5b2ff5ba2a0d772cdfbebcd539e8519c	Bacteria	Firmicutes	Clostridia	Clostridiales	Ruminococcaceae	Ruminococcus	NA
149e7d5e484d157f2ac6140a2111618e	Bacteria	Firmicutes	Clostridia	Clostridiales	Ruminococcaceae	Faecalibacterium	prausnitzii
690df543c97f2394f67f7374003b9dfd	Bacteria	Firmicutes	Erysipelotrichi	Erysipelotrichales	Erysipelotrichaceae	[Eubacterium]	dolichum
e1c1e16af6d82e0be9fbe02b9b29f280	Bacteria	Bacteroidetes	Bacteroidia	Bacteroidales	S24-7	NA	NA
119d97b0ab7d5f1e877eece957a9120f	Bacteria	Firmicutes	Bacilli	Bacillales	Listeriaceae	Brochothrix	NA
1e6fb78e2244ca940f9fc31d88d711dc	Bacteria	Firmicutes	Clostridia	Clostridiales	[Mogibacteriaceae]	Mogibacterium	NA
38049d3a278edb50fc3709a722456336	Bacteria	Firmicutes	Clostridia	Clostridiales	Ruminococcaceae	NA	NA
17415f114576e3abaea82accc917df0e	Bacteria	Firmicutes	Bacilli	Bacillales	NA	NA	NA
99b02f389bd0b7abad0d4d8affb09e22	Bacteria	Firmicutes	Clostridia	Clostridiales	Ruminococcaceae	Ruminococcus	NA
331807c166f49ccfe1ca279638398acc	Bacteria	Firmicutes	Clostridia	Clostridiales	Lachnospiraceae	Lachnospira	NA
d05c86b5bfc092d8677507fb1eae8d66	Bacteria	Firmicutes	Clostridia	Clostridiales	Ruminococcaceae	Ruminococcus	NA
fdb1c35a8dab336d65ed22d796e71e4b	Bacteria	Actinobacteria	Coriobacteriia	Coriobacteriales	Coriobacteriaceae	NA	NA
ea3433f2c148c6fae4cc2e9ae197f5b8	Bacteria	Firmicutes	Clostridia	Clostridiales	NA	NA	NA
ab153c3e19553cead3d76fb9e00684c2	Bacteria	Firmicutes	Clostridia	Clostridiales	Lachnospiraceae	Coprococcus	NA
c8c67298434f493c742e803e0d9e06bc	Bacteria	Firmicutes	Clostridia	Clostridiales	NA	NA	NA
180b74e94caf35fac5e1f0f4b7ad9d9f	Bacteria	Bacteroidetes	Bacteroidia	Bacteroidales	[Odoribacteraceae]	Odoribacter	NA
514b34f09e4acd2397d38273c630d338	Bacteria	Firmicutes	Clostridia	Clostridiales	NA	NA	NA
f9f5f08e8da4cc9740518223846563db	Bacteria	Bacteroidetes	Bacteroidia	Bacteroidales	Rikenellaceae	NA	NA
11b8e885579aba2e20a8a8ed7b02a3b0	Bacteria	Proteobacteria	Alphaproteobacteria	Rhizobiales	Bartonellaceae	NA	NA
2ad5e3ec26075722ca1cb0612c82d965	Bacteria	Firmicutes	Clostridia	Clostridiales	NA	NA	NA
3f1ed51e954b35a8108c12dd882b696b	Bacteria	Firmicutes	Clostridia	Clostridiales	Ruminococcaceae	Oscillospira	NA
4faf0d1e462b85e630eaa40b17d8d744	Bacteria	Firmicutes	Clostridia	Clostridiales	NA	NA	NA
6240207fd3edd24bf0799b5f427423a0	Bacteria	Firmicutes	Clostridia	Clostridiales	Ruminococcaceae	Clostridium	methylpentosum
0cc2420a6a4698f8bf664d50b17d26b4	Bacteria	Bacteroidetes	Bacteroidia	Bacteroidales	Rikenellaceae	Alistipes	onderdonkii
85346ae81de7c92bcda88b9eda345d9f	Bacteria	Firmicutes	Clostridia	Clostridiales	Ruminococcaceae	Oscillospira	NA
605e81eb674b7e28a2ef1b19a20081ab	Bacteria	Firmicutes	Clostridia	Clostridiales	Christensenellaceae	Christensenella	NA
14e9598ca92131c9810e69b5924d6b21	Bacteria	Firmicutes	Bacilli	Bacillales	Bacillaceae	NA	NA
539ca948741b9a713eb781d4281b23fc	Bacteria	Firmicutes	Clostridia	Clostridiales	Ruminococcaceae	Anaerotruncus	NA
611f25bcf2e9ccc3e91be10071526310	Bacteria	Verrucomicrobia	[Spartobacteria]	[Chthoniobacterales]	[Chthoniobacteraceae]	Chthoniobacter	NA
8928c13a470a9251a2ddb4d3a23b69c1	Bacteria	Firmicutes	Clostridia	Clostridiales	NA	NA	NA
6c515b0e81650b5d02a3d95ca789ba5f	Bacteria	Firmicutes	Clostridia	Clostridiales	Lachnospiraceae	NA	NA
6f97118af09e458c9f7c7a3595b506dc	Bacteria	Firmicutes	Clostridia	Clostridiales	Ruminococcaceae	Oscillospira	NA
4fcfad4a1e7822b1d1fe3ea11b9170d6	Bacteria	Bacteroidetes	Bacteroidia	Bacteroidales	[Odoribacteraceae]	Butyricimonas	NA
0b05a2e48cdc5f9e766bb0f4c209d4b4	Bacteria	Firmicutes	Clostridia	Clostridiales	Ruminococcaceae	Oscillospira	NA
c04ae6cb04177b768e7f8a7259a8775e	Bacteria	Firmicutes	Clostridia	Clostridiales	Ruminococcaceae	NA	NA
98eecebb99944787e35f7583408fe8c7	Bacteria	Firmicutes	Clostridia	Clostridiales	Ruminococcaceae	Ruminococcus	NA
2ae062f25a3b10f0dabfc4b0a3c5bc62	Bacteria	Proteobacteria	Betaproteobacteria	Burkholderiales	Comamonadaceae	Comamonas	NA
d34887a684a1acc690b8f3644cb11c12	Bacteria	Firmicutes	Clostridia	Clostridiales	[Mogibacteriaceae]	NA	NA
d7a129c49a7dbfa5cbb558cef2628f94	Bacteria	Firmicutes	Clostridia	Clostridiales	Peptococcaceae	NA	NA
efdc10ad96caaf61068e37a40a1caec6	Bacteria	Firmicutes	Clostridia	Clostridiales	Lachnospiraceae	Blautia	producta
148c7eb0139bbc1b8c87dd31464742e4	Bacteria	Firmicutes	Clostridia	Clostridiales	Lachnospiraceae	Anaerostipes	NA
9f4334509ea6cca32eaf82f46a918bf0	Bacteria	Firmicutes	Clostridia	Clostridiales	NA	NA	NA
9828f58eaf910927264c204ace9caeed	Bacteria	Bacteroidetes	Bacteroidia	Bacteroidales	Bacteroidaceae	Bacteroides	NA
889fd1f0d531cbb5b3610d73eab3e20a	Bacteria	Bacteroidetes	Bacteroidia	Bacteroidales	[Odoribacteraceae]	Butyricimonas	NA
cbb1dee8bf80a6cf676e15d39d9979d1	Bacteria	Proteobacteria	Alphaproteobacteria	RF32	NA	NA	NA
fb464f8e5ae811d72eda06eff2ee40ba	Bacteria	Bacteroidetes	Bacteroidia	Bacteroidales	Bacteroidaceae	Bacteroides	NA
d79bb5d81b2a330fb43a44dc5228799f	Bacteria	Firmicutes	Clostridia	Clostridiales	Lachnospiraceae	[Ruminococcus]	gnavus
60ed3ad7a69022ddc89d3f4762206781	Bacteria	Firmicutes	Clostridia	Clostridiales	Lachnospiraceae	Clostridium	NA
f7686a74ca2d3729eb66305e8a26309b	Bacteria	Firmicutes	Clostridia	Clostridiales	Lachnospiraceae	Coprococcus	NA
5e4405e37412f415c47c112a0cbc487a	Bacteria	Firmicutes	Clostridia	Clostridiales	NA	NA	NA
2533b56a1ecff2168246fda4a098c359	Bacteria	Bacteroidetes	Bacteroidia	Bacteroidales	Rikenellaceae	NA	NA
7121132c894a196a69c89b56593e2f42	Bacteria	Proteobacteria	Gammaproteobacteria	Pseudomonadales	Pseudomonadaceae	Pseudomonas	NA
a6659d7332df023910005e4404ed1537	Bacteria	Proteobacteria	Gammaproteobacteria	Pseudomonadales	Moraxellaceae	Psychrobacter	NA
befc013dbb992bcc0bd2259369e43e1c	Bacteria	Firmicutes	Erysipelotrichi	Erysipelotrichales	Erysipelotrichaceae	[Eubacterium]	NA
5a21785c07d7cc123256f09d00deec29	Bacteria	Firmicutes	Clostridia	Clostridiales	Lachnospiraceae	Blautia	NA
2c8df06d5a97923e31dd789f98eb1a63	Bacteria	Actinobacteria	Coriobacteriia	Coriobacteriales	Coriobacteriaceae	Collinsella	NA
4f6f2afb7adf1bb487b6a86b13022445	Bacteria	Firmicutes	Clostridia	Clostridiales	Eubacteriaceae	Anaerofustis	NA
192522c9b7c41f7a761f8a2ba792268a	Bacteria	Actinobacteria	Coriobacteriia	Coriobacteriales	Coriobacteriaceae	Adlercreutzia	NA
0cd78eb6a497778e4aa8878c10b6ae1f	Bacteria	Firmicutes	Clostridia	Clostridiales	[Mogibacteriaceae]	NA	NA
f9b52205cb2d03153fd394a290212a10	Bacteria	Bacteroidetes	Bacteroidia	Bacteroidales	Bacteroidaceae	Bacteroides	NA
ec81ef0caa9eecee1953c8786cadf859	Bacteria	Firmicutes	Clostridia	Clostridiales	Lachnospiraceae	NA	NA
b796b2132a5015f869c8b5ac44a0e2bf	Bacteria	Firmicutes	Clostridia	Clostridiales	Ruminococcaceae	Oscillospira	NA
138daeaeee1211d2a3d8502b8fe23b2a	Bacteria	Bacteroidetes	Bacteroidia	Bacteroidales	S24-7	NA	NA
a37623981468810a81c927dc4ee17ffb	Bacteria	Actinobacteria	Actinobacteria	Actinomycetales	Corynebacteriaceae	Corynebacterium	NA
538ea780b33d88cd63d1ea758db22977	Bacteria	Tenericutes	Mollicutes	Entomoplasmatales	NA	NA	NA
b151fbf52e3c196ce4ffe9b4a3e9af14	Bacteria	Firmicutes	Clostridia	Clostridiales	[Mogibacteriaceae]	NA	NA
db30159da101acf25749da5f2c25c3d0	Bacteria	Firmicutes	Clostridia	Clostridiales	Eubacteriaceae	Pseudoramibacter_Eubacterium	NA
fa6aacfaa894248eae0db0fa67161c63	Bacteria	Firmicutes	Clostridia	Clostridiales	Lachnospiraceae	NA	NA
8eef12dc7c7e72a840061732d0d24e79	Bacteria	Firmicutes	Clostridia	Clostridiales	Christensenellaceae	Christensenella	NA
2202ac9186c0d22170b44857b0fe3d69	Bacteria	Firmicutes	Clostridia	Clostridiales	Ruminococcaceae	Ruminococcus	bromii
9a382464e563efa49cd595a4906b1829	Bacteria	Firmicutes	Clostridia	Clostridiales	NA	NA	NA
30518d68de113eaf45cdb3061f166cdc	Bacteria	Firmicutes	Clostridia	Clostridiales	Lachnospiraceae	Coprococcus	NA
c7252174b34bb4147e47bb6ca64771d9	Bacteria	Firmicutes	Clostridia	Clostridiales	Lachnospiraceae	Ruminococcus	gauvreauii
bf55785556dcdf7f694a06d22b6396d3	Bacteria	Firmicutes	Clostridia	Clostridiales	NA	NA	NA
d75b7080930e7a77ef3de8c6154895b9	Bacteria	Actinobacteria	Actinobacteria	Bifidobacteriales	Bifidobacteriaceae	Bifidobacterium	NA
85191b7c1f9aaf1e283e1f1a1a65c24f	Bacteria	Proteobacteria	Alphaproteobacteria	Rhizobiales	Hyphomicrobiaceae	Pedomicrobium	australicum
cfc0fd7ddd3eced7ae052363112a8262	Bacteria	Firmicutes	Clostridia	Clostridiales	Lachnospiraceae	Blautia	NA
e974a2083d4f0afab694ff46eee1bd48	Bacteria	Firmicutes	Clostridia	Clostridiales	Veillonellaceae	Dialister	NA
764bb70efe70ec930379806d178319cb	Bacteria	Bacteroidetes	Bacteroidia	Bacteroidales	Prevotellaceae	Prevotella	copri
bf1396edf82991b9bf52261622d17abb	Bacteria	Firmicutes	Erysipelotrichi	Erysipelotrichales	Erysipelotrichaceae	[Eubacterium]	dolichum
f7398eb0736dfa29ea77959c2747dca3	Bacteria	Firmicutes	Clostridia	Clostridiales	Ruminococcaceae	NA	NA
f738d6eb5441459c12e96023d56dafcf	Bacteria	Firmicutes	Clostridia	Clostridiales	Lachnospiraceae	Coprococcus	NA
e63f2823364ed803b356f6d3acf6d891	Bacteria	NA	NA	NA	NA	NA	NA
3c356228cf4b70f6df66ac1860909de3	Bacteria	Firmicutes	Clostridia	Clostridiales	Ruminococcaceae	NA	NA
85f14059723c0946eae19d3e3c16202b	Bacteria	Firmicutes	Clostridia	Clostridiales	Christensenellaceae	NA	NA
2a5c24eea61883c4bf1be0450012f9c0	Bacteria	Firmicutes	Clostridia	Clostridiales	NA	NA	NA
26fa605177eb658c8e289d52ace277a7	Bacteria	Firmicutes	Clostridia	Clostridiales	NA	NA	NA
b28b7c4aa423791b12345b224c273cff	Bacteria	Firmicutes	Clostridia	Clostridiales	Lachnospiraceae	Coprococcus	NA
6c83fec6e8d03fad51eabc871853c991	Bacteria	Firmicutes	Clostridia	Clostridiales	Veillonellaceae	Veillonella	dispar
400461d38827c504f2dd2c112593626b	Bacteria	Firmicutes	Bacilli	Lactobacillales	Lactobacillaceae	Lactobacillus	NA
1a285982a823e4cdbfa889bd75bad9f4	Bacteria	Firmicutes	Clostridia	Clostridiales	Ruminococcaceae	NA	NA
00c96206074c797a82c13cbde98a9c1f	Bacteria	Firmicutes	Erysipelotrichi	Erysipelotrichales	Erysipelotrichaceae	Holdemania	NA
34fb9d2f811d89f2dd3e4c1010c0b05f	Bacteria	Firmicutes	Clostridia	Clostridiales	Eubacteriaceae	Pseudoramibacter_Eubacterium	NA
3102da78db1878995c1d78694e891747	Bacteria	Firmicutes	Clostridia	Clostridiales	Christensenellaceae	Christensenella	NA
8123472fd61d87d8ed1151aec2b8153c	Bacteria	Firmicutes	Clostridia	Clostridiales	NA	NA	NA
d26dded305818ce9a1664421274eb54f	Bacteria	Firmicutes	Clostridia	Clostridiales	Ruminococcaceae	NA	NA
2d60664d1df635112e5aaf4104956153	Bacteria	NA	NA	NA	NA	NA	NA
5ca08ce4794f764fd08364dd4d33f87a	Bacteria	Actinobacteria	Coriobacteriia	Coriobacteriales	Coriobacteriaceae	NA	NA
1b2f5529d9e6e77cb51baba2afbe0316	Bacteria	Firmicutes	Clostridia	Clostridiales	Ruminococcaceae	NA	NA
675134da8455a96bd0232ad28cd9650b	Bacteria	NA	NA	NA	NA	NA	NA
aa7ed988149cb277fc815f00d7e36e0b	Bacteria	Actinobacteria	Coriobacteriia	Coriobacteriales	Coriobacteriaceae	Adlercreutzia	NA
0c1012b02835602b17b5c366461212af	Bacteria	Firmicutes	Bacilli	Lactobacillales	Lactobacillaceae	Lactobacillus	NA
f2928e6d2d8b4c0768d206a97091cc87	Bacteria	Firmicutes	Clostridia	Clostridiales	Lachnospiraceae	NA	NA
12f2acd0d01fa4c1ca1c4e48cbfde367	Bacteria	Firmicutes	Clostridia	Clostridiales	Ruminococcaceae	Ruminococcus	NA
1ac359b30bc1a7b2888f889f1f95dba8	Bacteria	NA	NA	NA	NA	NA	NA
47ad35356a9bfec68416d32e4f039021	Bacteria	Firmicutes	Bacilli	NA	NA	NA	NA
77c3e4e153666ecd3d827a9d25a9ee08	Bacteria	NA	NA	NA	NA	NA	NA
009666b2d6d1f29e5f1151526037d804	Bacteria	Firmicutes	Clostridia	Clostridiales	Ruminococcaceae	NA	NA
07f183edd4e4d8aef1dcb2ab24dd7745	Bacteria	Firmicutes	Clostridia	Clostridiales	Christensenellaceae	NA	NA
062765c2c058aba3e7b5f1fee1e92165	Bacteria	Firmicutes	Clostridia	Clostridiales	Christensenellaceae	Christensenella	NA
2ba0ba00d830d06fcd6dc1e58e97dae0	Unassigned	NA	NA	NA	NA	NA	NA
33031ae1345b6e5d6765be6c38bd25ff	Bacteria	NA	NA	NA	NA	NA	NA
3c36d60992e92b41a88053bddc96f1ef	Bacteria	NA	NA	NA	NA	NA	NA
bd0f4e14387ee1ac7e5fe586cadbbed4	Bacteria	Firmicutes	Clostridia	Clostridiales	Christensenellaceae	NA	NA
23e5edb47f5a9a45adc62dc95d595ce6	Bacteria	Bacteroidetes	Bacteroidia	Bacteroidales	Prevotellaceae	Prevotella	copri
37cb101e6da8067e39ec3d37b37fe584	Bacteria	NA	NA	NA	NA	NA	NA
b35bea03c065377ff1b2cda1c72e4bc8	Bacteria	NA	NA	NA	NA	NA	NA
8fe9306f9c749993b3ae825da7d495fa	Bacteria	Proteobacteria	Gammaproteobacteria	Pseudomonadales	Pseudomonadaceae	Pseudomonas	thermotolerans
4aab078a4c52e94b1546e5db43296332	Bacteria	NA	NA	NA	NA	NA	NA
f18940a3a0767fb127ae4958e5f95f13	Bacteria	NA	NA	NA	NA	NA	NA
4fc9fb2230388faadd0590cc83ac6ee4	Bacteria	NA	NA	NA	NA	NA	NA
91fedd0b17f197cf66e83b5ee34e022e	Bacteria	NA	NA	NA	NA	NA	NA
308cad2df21123dc55534f1716cecb7b	Unassigned	NA	NA	NA	NA	NA	NA
f880627bae09dd23b3d2dbaea262b59d	Bacteria	NA	NA	NA	NA	NA	NA
3e7ac3f162dd4a5d47e5821c65b09cda	Bacteria	NA	NA	NA	NA	NA	NA
379a89b0bd4e2f9aaabe6185351c9991	Bacteria	NA	NA	NA	NA	NA	NA
0fcef26f892f0b100a2f5f6acaabd363	Bacteria	NA	NA	NA	NA	NA	NA
33b601a7a8295e7a6c8f413504129220	Bacteria	Actinobacteria	Actinobacteria	Actinomycetales	Propionibacteriaceae	Propionibacterium	acnes
6d1e63f2a24f42e45388c6104816ea74	Bacteria	NA	NA	NA	NA	NA	NA
3524cdab4b47955c4e4a861fe5605733	Bacteria	NA	NA	NA	NA	NA	NA
8677fc01f5578165f7c059b12414fdd4	Bacteria	NA	NA	NA	NA	NA	NA
8151fb9598d6ea8010ff1007a513b2a7	Bacteria	Firmicutes	Erysipelotrichi	Erysipelotrichales	Erysipelotrichaceae	Holdemania	NA
2c7ba0ec530cacd372a894e12b171df8	Bacteria	Actinobacteria	Actinobacteria	Actinomycetales	Dermabacteraceae	Brachybacterium	NA
b43518df5514be29647a9cf28bd7e44d	Bacteria	Actinobacteria	Coriobacteriia	Coriobacteriales	Coriobacteriaceae	NA	NA
43486346de8ae69c0601b0bd00344263	Bacteria	Firmicutes	Clostridia	Clostridiales	NA	NA	NA
51a63d18809e04591820c7e3f3acf0b4	Bacteria	Firmicutes	Clostridia	Clostridiales	Ruminococcaceae	NA	NA
237135dc8b20f922cabee934f7d410a1	Bacteria	Firmicutes	Bacilli	Turicibacterales	Turicibacteraceae	Turicibacter	NA
6aec5246e999efbc0cd2f45474ce27d4	Bacteria	Firmicutes	Clostridia	Clostridiales	Ruminococcaceae	NA	NA
591c9a8213b6f263549aa5e5897b16f3	Bacteria	Firmicutes	Clostridia	Clostridiales	Eubacteriaceae	Anaerofustis	NA
